{"loop":{"startTime":14.3283446712018, "endTime":28.6566893424036, "startSample":631880, "endSample":1263760}, "markers":[{"time":0, "sample":0, "id":1, "text":"Chorus"}, {"time":14.3283446712018, "sample":631880, "id":2, "text":"Main Groove"}, {"time":28.6567120181406, "sample":1263761, "id":3, "text":"Ending"}]}